keyword,volume
plumber brisbane,1100
plumber sunshine coast,600
brisbane plumber,900
brisbane electrician,500
electrician gold coast,700
gold coast sparky,300
brisbane electrician 24 hour,200
solar panel cleaning brisbane,400
brisbane air conditioning,350
air conditioning repairs brisbane,280
brisbane accountant,900
small business accountant brisbane,600
brisbane bookkeeper,450
tax accountant gold coast,380
brisbane accountant sole trader,200
brisbane lawyer,750
brisbane conveyancing,400
gold coast family lawyer,300
brisbane personal injury lawyer,250
brisbane divorce lawyer,180
